Token	Language	Named Entity	Eng-NGram Prob	Spn-NGram Prob	HMM Prob	Total Prob
"	Punct	O	N/A	N/A	N/A	N/A
su	Spn	O	14.41	35.66	-2.38	33.279999999999994
"	Punct	O	N/A	N/A	N/A	N/A
"	Punct	O	N/A	N/A	N/A	N/A
no	Spn	O	39.04	44.89	-1.01	43.88
gracias	Spn	O	29.81	60.45	-1.01	59.440000000000005
bye	Eng	O	41.31	19.03	-2.38	38.93
"	Punct	O	N/A	N/A	N/A	N/A
"	Punct	O	N/A	N/A	N/A	N/A
me	Spn	O	41.15	43.0	-2.38	40.62
da	Spn	O	19.47	35.42	-1.01	34.410000000000004
cien	Spn	O	20.97	41.21	-1.01	40.2
de	Spn	O	26.21	47.06	-1.01	46.050000000000004
años	Spn	O	10.27	45.21	-1.01	44.2
de	Spn	O	26.21	47.06	-1.01	46.050000000000004
vida	Spn	O	20.99	46.18	-1.01	45.17
🤭	Punct	O	N/A	N/A	N/A	N/A
🤭	Punct	O	N/A	N/A	N/A	N/A
🤭	Punct	O	N/A	N/A	N/A	N/A
"	Punct	O	N/A	N/A	N/A	N/A
,	Punct	O	N/A	N/A	N/A	N/A
,	Punct	O	N/A	N/A	N/A	N/A
,	Punct	O	N/A	N/A	N/A	N/A
,	Punct	O	N/A	N/A	N/A	N/A
,	Punct	O	N/A	N/A	N/A	N/A
