Token	Language	Named Entity	Eng-NGram Prob	Spn-NGram Prob	HMM Prob	Total Prob
"	Punct	O	N/A	N/A	N/A	N/A
No	Spn	O	39.04	44.89	-2.38	42.51
les	Spn	O	34.52	42.49	-1.01	41.480000000000004
pasa	Spn	O	20.38	47.74	-1.01	46.730000000000004
que	Spn	O	26.46	56.13	-1.01	55.120000000000005
"	Punct	O	N/A	N/A	N/A	N/A
"	Punct	O	N/A	N/A	N/A	N/A
Si	Spn	O	14.77	35.22	-1.01	34.21
porfavor	Spn	O	28.89	43.19	-1.01	42.18
"	Punct	O	N/A	N/A	N/A	N/A
"	Punct	O	N/A	N/A	N/A	N/A
👀	Punct	O	N/A	N/A	N/A	N/A
"	Punct	O	N/A	N/A	N/A	N/A
,	Punct	O	N/A	N/A	N/A	N/A
,	Punct	O	N/A	N/A	N/A	N/A
,	Punct	O	N/A	N/A	N/A	N/A
,	Punct	O	N/A	N/A	N/A	N/A
,	Punct	O	N/A	N/A	N/A	N/A
